timestamp,asset,timeframe,open,high,low,close,volume
2024-01-01T00:00:00+00:00,BTC/USDT,1h,100.00000000,100.04992614,98.41564940,98.57369296,1440.53680128
2024-01-01T01:00:00+00:00,BTC/USDT,1h,98.57369296,98.65600223,98.14449488,98.42228045,1052.77670105
2024-01-01T02:00:00+00:00,BTC/USDT,1h,98.42228045,99.23985794,98.41888021,99.20694912,1259.13768822
2024-01-01T03:00:00+00:00,BTC/USDT,1h,99.20694912,99.36483408,98.28156446,98.62958421,1305.77486527
2024-01-01T04:00:00+00:00,BTC/USDT,1h,98.62958421,99.04083128,96.05162308,96.37778530,1636.97384485
2024-01-01T05:00:00+00:00,BTC/USDT,1h,96.37778530,97.13572374,96.13290986,96.95889466,1232.00617836
2024-01-01T06:00:00+00:00,BTC/USDT,1h,96.95889466,97.55964174,96.57020962,97.52242970,1243.66018473
2024-01-01T07:00:00+00:00,BTC/USDT,1h,97.52242970,97.55172783,97.10561501,97.18045165,1258.21167372
2024-01-01T08:00:00+00:00,BTC/USDT,1h,97.18045165,97.28590424,94.49144820,94.70956106,1677.76802307
2024-01-01T09:00:00+00:00,BTC/USDT,1h,94.70956106,95.89673249,94.69224428,95.86486102,1316.92947591
2024-01-01T10:00:00+00:00,BTC/USDT,1h,95.86486102,97.27080116,95.56813408,97.16728138,1344.85663336
2024-01-01T11:00:00+00:00,BTC/USDT,1h,97.16728138,98.88799540,96.78092544,98.82733824,1386.59382974
2024-01-01T12:00:00+00:00,BTC/USDT,1h,98.82733824,99.00086339,96.89743486,97.07815652,1410.59763165
2024-01-01T13:00:00+00:00,BTC/USDT,1h,97.07815652,97.10701666,96.93182734,97.05553299,1125.44071820
2024-01-01T14:00:00+00:00,BTC/USDT,1h,97.05553299,97.13982562,96.04541767,96.23924391,1352.22793370
2024-01-01T15:00:00+00:00,BTC/USDT,1h,96.23924391,97.24876847,96.08226110,97.17553849,1375.44420925
2024-01-01T16:00:00+00:00,BTC/USDT,1h,97.17553849,97.24881988,96.42460913,96.74771738,1157.84639058
2024-01-01T17:00:00+00:00,BTC/USDT,1h,96.74771738,97.10081457,96.71609390,96.94942680,1168.27501302
2024-01-01T18:00:00+00:00,BTC/USDT,1h,96.94942680,97.15386081,96.44125083,96.98827941,1190.02164527
2024-01-01T19:00:00+00:00,BTC/USDT,1h,96.98827941,98.41364250,96.95591539,98.16274216,1377.93157024
2024-01-01T20:00:00+00:00,BTC/USDT,1h,98.16274216,98.34500550,97.00683745,97.25840289,1263.42180412
2024-01-01T21:00:00+00:00,BTC/USDT,1h,97.25840289,97.30797898,96.99731586,97.13662382,1055.21836304
2024-01-01T22:00:00+00:00,BTC/USDT,1h,97.13662382,97.77756606,97.00486622,97.69123959,1274.85531850
2024-01-01T23:00:00+00:00,BTC/USDT,1h,97.69123959,98.00386563,96.85418813,97.02441097,1146.87423288
2024-01-02T00:00:00+00:00,BTC/USDT,1h,97.02441097,97.51390227,96.97570186,97.47530516,1224.21945720
2024-01-02T01:00:00+00:00,BTC/USDT,1h,97.47530516,97.53862128,96.10932889,96.15253456,1290.29535962
2024-01-02T02:00:00+00:00,BTC/USDT,1h,96.15253456,96.26072840,95.77504440,95.92257491,1080.57136556
2024-01-02T03:00:00+00:00,BTC/USDT,1h,95.92257491,96.03152306,95.62673320,95.94507219,1102.05291430
2024-01-02T04:00:00+00:00,BTC/USDT,1h,95.94507219,96.08329713,95.18094968,95.39760510,1203.45956659
2024-01-02T05:00:00+00:00,BTC/USDT,1h,95.39760510,95.70943186,95.16907324,95.23377168,1080.18924741
2024-01-02T06:00:00+00:00,BTC/USDT,1h,95.23377168,95.34583038,95.13904340,95.16905091,1162.49721467
2024-01-02T07:00:00+00:00,BTC/USDT,1h,95.16905091,95.62755536,95.08650463,95.44539318,1236.67713586
2024-01-02T08:00:00+00:00,BTC/USDT,1h,95.44539318,95.66624965,94.88651193,95.10563055,1193.91729292
2024-01-02T09:00:00+00:00,BTC/USDT,1h,95.10563055,95.56017983,94.32973399,94.82495772,1210.06713800
2024-01-02T10:00:00+00:00,BTC/USDT,1h,94.82495772,94.99283217,94.52820975,94.72045573,1126.71445721
2024-01-02T11:00:00+00:00,BTC/USDT,1h,94.72045573,94.80873798,94.11747053,94.34838114,1219.50677705
2024-01-02T12:00:00+00:00,BTC/USDT,1h,94.34838114,94.75268531,94.13779281,94.54702747,1149.31548294
2024-01-02T13:00:00+00:00,BTC/USDT,1h,94.54702747,94.99437848,94.54239826,94.96510929,1140.92941846
2024-01-02T14:00:00+00:00,BTC/USDT,1h,94.96510929,96.53463025,94.65459108,96.50698953,1364.36744793
2024-01-02T15:00:00+00:00,BTC/USDT,1h,96.50698953,96.90385894,96.27527803,96.87866524,1216.73668686
2024-01-02T16:00:00+00:00,BTC/USDT,1h,96.87866524,97.88713430,96.65705643,97.84903629,1397.94871752
2024-01-02T17:00:00+00:00,BTC/USDT,1h,97.84903629,98.19742739,97.10111634,97.34860178,1270.02909606
2024-01-02T18:00:00+00:00,BTC/USDT,1h,97.34860178,98.43783628,97.34056173,98.39790006,1344.28233920
2024-01-02T19:00:00+00:00,BTC/USDT,1h,98.39790006,98.60439681,97.64597180,97.92695381,1181.57431333
2024-01-02T20:00:00+00:00,BTC/USDT,1h,97.92695381,99.00779610,97.83454024,98.91952389,1255.58296164
2024-01-02T21:00:00+00:00,BTC/USDT,1h,98.91952389,100.04936420,98.71658682,99.90567356,1362.31408687
2024-01-02T22:00:00+00:00,BTC/USDT,1h,99.90567356,100.80981753,99.57325454,100.77806672,1241.73760539
2024-01-02T23:00:00+00:00,BTC/USDT,1h,100.77806672,100.91486483,100.39870606,100.89664799,1030.22445317
2024-01-03T00:00:00+00:00,BTC/USDT,1h,100.89664799,101.06068369,100.78540270,100.86457750,1114.03416519
2024-01-03T01:00:00+00:00,BTC/USDT,1h,100.86457750,101.57116384,100.62916368,101.56111558,1194.30069679
2024-01-03T02:00:00+00:00,BTC/USDT,1h,101.56111558,102.13847374,101.48747213,102.02928259,1132.04361697
2024-01-03T03:00:00+00:00,BTC/USDT,1h,102.02928259,102.12322126,101.30896057,101.41410517,1317.85011564
2024-01-03T04:00:00+00:00,BTC/USDT,1h,101.41410517,101.64792687,101.35510704,101.53463459,1129.37067229
2024-01-03T05:00:00+00:00,BTC/USDT,1h,101.53463459,102.56870430,101.37520444,102.37822031,1317.50636983
2024-01-03T06:00:00+00:00,BTC/USDT,1h,102.37822031,103.18567760,102.24854450,102.96845341,1178.39325097
2024-01-03T07:00:00+00:00,BTC/USDT,1h,102.96845341,103.97354787,102.56702265,103.83305400,1358.57235789
2024-01-03T08:00:00+00:00,BTC/USDT,1h,103.83305400,103.99149390,102.69520258,102.85392506,1345.09606129
2024-01-03T09:00:00+00:00,BTC/USDT,1h,102.85392506,104.12341287,102.77369847,103.95914367,1365.37761923
2024-01-03T10:00:00+00:00,BTC/USDT,1h,103.95914367,104.33177356,103.88351919,103.92080193,1057.50656868
2024-01-03T11:00:00+00:00,BTC/USDT,1h,103.92080193,104.48243224,103.89781727,104.47345444,1130.56350958
2024-01-03T12:00:00+00:00,BTC/USDT,1h,104.47345444,104.48360257,103.37716955,103.53244438,1215.02626986
2024-01-03T13:00:00+00:00,BTC/USDT,1h,103.53244438,103.60548371,102.91738647,102.95108410,1180.57551326
2024-01-03T14:00:00+00:00,BTC/USDT,1h,102.95108410,103.13171934,102.60733069,102.93827495,1064.14986926
2024-01-03T15:00:00+00:00,BTC/USDT,1h,102.93827495,103.24217222,102.20106835,102.55138525,1178.10984061
2024-01-03T16:00:00+00:00,BTC/USDT,1h,102.55138525,102.77579580,102.37373411,102.70024251,1159.78418659
2024-01-03T17:00:00+00:00,BTC/USDT,1h,102.70024251,102.75475474,100.69664252,101.05167848,1371.07442860
2024-01-03T18:00:00+00:00,BTC/USDT,1h,101.05167848,101.71869170,100.93661607,101.32200186,1107.47834421
2024-01-03T19:00:00+00:00,BTC/USDT,1h,101.32200186,101.50356701,100.38453496,100.48168623,1348.35946010
2024-01-03T20:00:00+00:00,BTC/USDT,1h,100.48168623,100.73769533,100.22733625,100.56990805,1029.56895234
2024-01-03T21:00:00+00:00,BTC/USDT,1h,100.56990805,100.78559380,100.36138648,100.67905906,1106.32848358
2024-01-03T22:00:00+00:00,BTC/USDT,1h,100.67905906,100.84971156,100.14011694,100.51408778,1183.19446710
2024-01-03T23:00:00+00:00,BTC/USDT,1h,100.51408778,100.54574036,99.07086951,99.20273493,1335.19894659
2024-01-04T00:00:00+00:00,BTC/USDT,1h,99.20273493,100.76571464,99.16747669,100.42771926,1321.40079693
2024-01-04T01:00:00+00:00,BTC/USDT,1h,100.42771926,101.55359654,100.39098872,101.42419828,1341.78388962
2024-01-04T02:00:00+00:00,BTC/USDT,1h,101.42419828,102.13839265,101.20626178,101.66656834,1176.99487926
2024-01-04T03:00:00+00:00,BTC/USDT,1h,101.66656834,101.94985422,101.30159430,101.60804087,1165.11408533
2024-01-04T04:00:00+00:00,BTC/USDT,1h,101.60804087,101.81205065,101.17944707,101.57495565,1145.06226600
2024-01-04T05:00:00+00:00,BTC/USDT,1h,101.57495565,101.60891994,101.06637991,101.56434226,1188.07164648
2024-01-04T06:00:00+00:00,BTC/USDT,1h,101.56434226,102.19257851,101.35977676,102.00737069,1282.59704248
2024-01-04T07:00:00+00:00,BTC/USDT,1h,102.00737069,102.52053765,101.93438944,101.99437535,1039.34082736
2024-01-04T08:00:00+00:00,BTC/USDT,1h,101.99437535,102.79386872,101.94470103,102.74990673,1154.80584597
2024-01-04T09:00:00+00:00,BTC/USDT,1h,102.74990673,103.35547134,102.59374052,103.19746192,1104.43519688
2024-01-04T10:00:00+00:00,BTC/USDT,1h,103.19746192,103.46968570,102.70708398,102.71817381,1168.78825710
2024-01-04T11:00:00+00:00,BTC/USDT,1h,102.71817381,103.29840462,102.45461780,103.27624708,1263.73647683
2024-01-04T12:00:00+00:00,BTC/USDT,1h,103.27624708,104.18411578,102.82496453,104.13394478,1306.23087001
2024-01-04T13:00:00+00:00,BTC/USDT,1h,104.13394478,104.17845833,103.29866152,103.58187549,1286.44602093
2024-01-04T14:00:00+00:00,BTC/USDT,1h,103.58187549,104.90038240,103.42600169,104.79279469,1328.19296029
2024-01-04T15:00:00+00:00,BTC/USDT,1h,104.79279469,105.32420828,104.48233215,105.15480745,1167.56861157
2024-01-04T16:00:00+00:00,BTC/USDT,1h,105.15480745,105.15834979,105.08151803,105.11825538,1110.66993572
2024-01-04T17:00:00+00:00,BTC/USDT,1h,105.11825538,105.24073136,104.43176415,104.59702794,1221.67847974
2024-01-04T18:00:00+00:00,BTC/USDT,1h,104.59702794,104.71518758,104.51870543,104.69970286,1168.22064721
2024-01-04T19:00:00+00:00,BTC/USDT,1h,104.69970286,104.91367212,104.59088390,104.82760556,1186.17821324
2024-01-04T20:00:00+00:00,BTC/USDT,1h,104.82760556,106.51733870,104.74797879,106.38824560,1316.79993927
2024-01-04T21:00:00+00:00,BTC/USDT,1h,106.38824560,109.32541512,106.25081205,109.12120852,1569.07335150
2024-01-04T22:00:00+00:00,BTC/USDT,1h,109.12120852,109.26701009,108.53352423,108.55283881,1122.14857929
2024-01-04T23:00:00+00:00,BTC/USDT,1h,108.55283881,108.82920070,108.54811734,108.58766329,1181.61184165
2024-01-05T00:00:00+00:00,BTC/USDT,1h,108.58766329,108.63169274,107.39166134,107.74679823,1329.58662185
2024-01-05T01:00:00+00:00,BTC/USDT,1h,107.74679823,108.29079990,107.57514752,108.03106867,1112.07842147
2024-01-05T02:00:00+00:00,BTC/USDT,1h,108.03106867,109.36140657,107.76096651,109.21020019,1369.51490408
2024-01-05T03:00:00+00:00,BTC/USDT,1h,109.21020019,109.38399854,108.36368651,108.44619769,1148.20823781
2024-01-05T04:00:00+00:00,BTC/USDT,1h,108.44619769,109.92833534,108.31579131,109.51461042,1255.07269582
2024-01-05T05:00:00+00:00,BTC/USDT,1h,109.51461042,109.59551520,109.15880759,109.20353773,1219.85981391
2024-01-05T06:00:00+00:00,BTC/USDT,1h,109.20353773,109.25409668,108.71552893,108.93975232,1200.96904896
2024-01-05T07:00:00+00:00,BTC/USDT,1h,108.93975232,108.95327949,108.66080806,108.82084817,1122.16412683
2024-01-05T08:00:00+00:00,BTC/USDT,1h,108.82084817,108.88536670,108.37639220,108.41602974,1240.75715109
2024-01-05T09:00:00+00:00,BTC/USDT,1h,108.41602974,108.55003118,106.47945161,106.68087397,1480.76321689
2024-01-05T10:00:00+00:00,BTC/USDT,1h,106.68087397,106.86230301,106.60764519,106.76772899,1057.91311341
2024-01-05T11:00:00+00:00,BTC/USDT,1h,106.76772899,108.14578548,106.61421244,107.78304572,1312.81833353
2024-01-05T12:00:00+00:00,BTC/USDT,1h,107.78304572,108.03743163,107.71324882,107.93298900,1080.11414581
2024-01-05T13:00:00+00:00,BTC/USDT,1h,107.93298900,108.05977701,107.53847259,107.96382258,1082.98003666
2024-01-05T14:00:00+00:00,BTC/USDT,1h,107.96382258,109.13950143,107.92795933,109.06018606,1327.85114730
2024-01-05T15:00:00+00:00,BTC/USDT,1h,109.06018606,109.25313472,109.04907089,109.05135056,1119.99436263
2024-01-05T16:00:00+00:00,BTC/USDT,1h,109.05135056,109.88687393,108.87249861,109.58589772,1214.97636114
2024-01-05T17:00:00+00:00,BTC/USDT,1h,109.58589772,111.17626357,109.33558930,111.01571832,1424.40575034
2024-01-05T18:00:00+00:00,BTC/USDT,1h,111.01571832,111.23406041,109.24841278,109.28530767,1341.71269474
2024-01-05T19:00:00+00:00,BTC/USDT,1h,109.28530767,109.83277918,109.26896780,109.48447312,1219.93529390
2024-01-05T20:00:00+00:00,BTC/USDT,1h,109.48447312,109.67989606,109.24739108,109.67863968,1115.22002357
2024-01-05T21:00:00+00:00,BTC/USDT,1h,109.67863968,110.66733155,109.53361283,110.63957179,1317.00630432
2024-01-05T22:00:00+00:00,BTC/USDT,1h,110.63957179,110.97865094,108.92309321,109.03861001,1483.93497918
2024-01-05T23:00:00+00:00,BTC/USDT,1h,109.03861001,110.08124150,108.87722759,110.02812243,1326.44584974
2024-01-06T00:00:00+00:00,BTC/USDT,1h,110.02812243,110.05915888,109.57978728,109.78330989,1106.82494728
2024-01-06T01:00:00+00:00,BTC/USDT,1h,109.78330989,110.56255410,109.43197685,110.54121154,1189.14386301
2024-01-06T02:00:00+00:00,BTC/USDT,1h,110.54121154,110.62110308,109.27396176,109.66954414,1211.87193826
2024-01-06T03:00:00+00:00,BTC/USDT,1h,109.66954414,110.02210511,109.44537751,109.88298836,1081.52504923
2024-01-06T04:00:00+00:00,BTC/USDT,1h,109.88298836,110.46904807,109.68396309,110.44717079,1167.71325735
2024-01-06T05:00:00+00:00,BTC/USDT,1h,110.44717079,110.83432109,110.31450844,110.79999038,1232.80168196
2024-01-06T06:00:00+00:00,BTC/USDT,1h,110.79999038,110.93862398,109.38042429,109.87743958,1173.69775305
2024-01-06T07:00:00+00:00,BTC/USDT,1h,109.87743958,110.17855805,109.55862627,110.15043272,1131.81598230
2024-01-06T08:00:00+00:00,BTC/USDT,1h,110.15043272,110.38698205,109.37836893,109.74671004,1084.78545518
2024-01-06T09:00:00+00:00,BTC/USDT,1h,109.74671004,110.00697363,108.91967000,109.08191754,1178.34300540
2024-01-06T10:00:00+00:00,BTC/USDT,1h,109.08191754,109.18521383,108.09748284,108.49250892,1145.72837230
2024-01-06T11:00:00+00:00,BTC/USDT,1h,108.49250892,109.17932705,108.18280560,108.99901635,1275.95836160
2024-01-06T12:00:00+00:00,BTC/USDT,1h,108.99901635,110.81597659,108.93169695,110.41679643,1350.21229400
2024-01-06T13:00:00+00:00,BTC/USDT,1h,110.41679643,111.31983904,110.13465110,111.16861119,1260.72300561
2024-01-06T14:00:00+00:00,BTC/USDT,1h,111.16861119,111.31782234,110.95193780,111.16631728,1176.52493032
2024-01-06T15:00:00+00:00,BTC/USDT,1h,111.16631728,111.26855337,110.69080176,110.94964467,1165.50339840
2024-01-06T16:00:00+00:00,BTC/USDT,1h,110.94964467,111.32498449,110.68439084,110.68618667,1240.62865696
2024-01-06T17:00:00+00:00,BTC/USDT,1h,110.68618667,111.03534857,110.29250219,110.37577308,1116.91846170
2024-01-06T18:00:00+00:00,BTC/USDT,1h,110.37577308,111.33954727,110.26110273,111.21490245,1344.84917768
2024-01-06T19:00:00+00:00,BTC/USDT,1h,111.21490245,111.85879949,111.01711844,111.77706707,1199.63688658
2024-01-06T20:00:00+00:00,BTC/USDT,1h,111.77706707,111.89046297,111.13790134,111.29693807,1255.20125175
2024-01-06T21:00:00+00:00,BTC/USDT,1h,111.29693807,112.46871885,111.22203119,112.17115866,1316.80015060
2024-01-06T22:00:00+00:00,BTC/USDT,1h,112.17115866,112.36387292,110.77588150,110.95206958,1257.21062960
2024-01-06T23:00:00+00:00,BTC/USDT,1h,110.95206958,111.03794227,109.31031827,109.32354943,1412.05311749
2024-01-07T00:00:00+00:00,BTC/USDT,1h,109.32354943,109.37350454,108.11505337,108.30958986,1214.50451395
2024-01-07T01:00:00+00:00,BTC/USDT,1h,108.30958986,108.47277050,107.93772965,108.27759536,1061.13912504
2024-01-07T02:00:00+00:00,BTC/USDT,1h,108.27759536,110.11875817,108.25710682,110.02844964,1480.49600878
2024-01-07T03:00:00+00:00,BTC/USDT,1h,110.02844964,111.49246128,110.00692984,111.11209356,1277.35317652
2024-01-07T04:00:00+00:00,BTC/USDT,1h,111.11209356,111.19433334,111.06699647,111.16783715,1066.86678679
2024-01-07T05:00:00+00:00,BTC/USDT,1h,111.16783715,111.40588402,110.81762254,111.02396218,1098.24174279
2024-01-07T06:00:00+00:00,BTC/USDT,1h,111.02396218,111.28794173,110.97288673,111.07652485,1058.94245381
2024-01-07T07:00:00+00:00,BTC/USDT,1h,111.07652485,112.14315766,111.06882339,111.76987363,1288.91737947
2024-01-07T08:00:00+00:00,BTC/USDT,1h,111.76987363,112.10206618,109.92915146,110.16838111,1451.45437058
2024-01-07T09:00:00+00:00,BTC/USDT,1h,110.16838111,111.62676541,109.68497409,111.61757291,1382.15996639
2024-01-07T10:00:00+00:00,BTC/USDT,1h,111.61757291,112.32395750,111.32812833,112.20212539,1211.08348315
2024-01-07T11:00:00+00:00,BTC/USDT,1h,112.20212539,112.36750706,112.13855469,112.20652530,1127.11219626
2024-01-07T12:00:00+00:00,BTC/USDT,1h,112.20652530,112.46528735,111.28457961,111.31404157,1186.22859913
2024-01-07T13:00:00+00:00,BTC/USDT,1h,111.31404157,111.78895479,110.06211607,110.22700269,1259.22427159
2024-01-07T14:00:00+00:00,BTC/USDT,1h,110.22700269,111.73530943,110.12817307,111.53111846,1337.83425041
2024-01-07T15:00:00+00:00,BTC/USDT,1h,111.53111846,112.23180961,111.38468658,111.98447422,1123.43991079
2024-01-07T16:00:00+00:00,BTC/USDT,1h,111.98447422,112.94003525,111.93614981,112.92725787,1344.33954339
2024-01-07T17:00:00+00:00,BTC/USDT,1h,112.92725787,115.76232444,112.85644705,115.25752833,1464.52748415
2024-01-07T18:00:00+00:00,BTC/USDT,1h,115.25752833,115.47708994,114.19207358,114.47197752,1180.27977500
2024-01-07T19:00:00+00:00,BTC/USDT,1h,114.47197752,114.51521735,114.14959464,114.21321757,1183.23196204
2024-01-07T20:00:00+00:00,BTC/USDT,1h,114.21321757,115.48974779,114.09692627,115.09113767,1332.11036576
2024-01-07T21:00:00+00:00,BTC/USDT,1h,115.09113767,115.22079555,114.32792290,114.41222507,1277.23839748
2024-01-07T22:00:00+00:00,BTC/USDT,1h,114.41222507,114.77527609,112.99041842,112.99309738,1435.66802405
2024-01-07T23:00:00+00:00,BTC/USDT,1h,112.99309738,113.24029746,112.90926242,112.92782226,1154.51545930
2024-01-08T00:00:00+00:00,BTC/USDT,1h,112.92782226,113.02318251,112.67302509,112.68216946,1182.39388016
2024-01-08T01:00:00+00:00,BTC/USDT,1h,112.68216946,112.91310144,111.54917414,111.55594314,1240.33541366
2024-01-08T02:00:00+00:00,BTC/USDT,1h,111.55594314,111.68523193,111.36057835,111.66093304,1182.22089365
2024-01-08T03:00:00+00:00,BTC/USDT,1h,111.66093304,111.80545643,111.34409609,111.68704987,1162.22688222
2024-01-08T04:00:00+00:00,BTC/USDT,1h,111.68704987,111.81184922,110.85065788,110.85426882,1203.23829674
2024-01-08T05:00:00+00:00,BTC/USDT,1h,110.85426882,110.95598646,110.18011570,110.29554816,1152.66650322
2024-01-08T06:00:00+00:00,BTC/USDT,1h,110.29554816,111.09844771,110.18459854,110.89148935,1210.48665259
2024-01-08T07:00:00+00:00,BTC/USDT,1h,110.89148935,110.96579457,110.48989704,110.54846380,1158.76930829
2024-01-08T08:00:00+00:00,BTC/USDT,1h,110.54846380,110.81436352,109.58819690,110.07166027,1152.85801830
2024-01-08T09:00:00+00:00,BTC/USDT,1h,110.07166027,110.15007320,108.94866501,109.19894205,1347.82464107
2024-01-08T10:00:00+00:00,BTC/USDT,1h,109.19894205,109.37289126,108.70307954,109.09398976,1078.62574669
2024-01-08T11:00:00+00:00,BTC/USDT,1h,109.09398976,110.37374239,108.88677732,110.29588020,1327.65694225
2024-01-08T12:00:00+00:00,BTC/USDT,1h,110.29588020,110.77956662,110.20451017,110.40411926,1091.14847395
2024-01-08T13:00:00+00:00,BTC/USDT,1h,110.40411926,111.72138147,110.00267633,111.27054732,1249.33060988
2024-01-08T14:00:00+00:00,BTC/USDT,1h,111.27054732,111.40432881,110.29121127,110.38233057,1168.06114001
2024-01-08T15:00:00+00:00,BTC/USDT,1h,110.38233057,110.40959244,109.56289517,109.84657144,1166.13946501
2024-01-08T16:00:00+00:00,BTC/USDT,1h,109.84657144,110.50107543,109.33591341,110.26267218,1124.92879347
2024-01-08T17:00:00+00:00,BTC/USDT,1h,110.26267218,110.37975921,109.27834826,109.58944414,1294.40792051
2024-01-08T18:00:00+00:00,BTC/USDT,1h,109.58944414,110.36849066,109.36852793,110.18320900,1297.39499611
2024-01-08T19:00:00+00:00,BTC/USDT,1h,110.18320900,112.13776536,109.62775921,112.12059884,1377.42325889
2024-01-08T20:00:00+00:00,BTC/USDT,1h,112.12059884,112.64991093,111.63342780,111.94533228,1146.92033914
2024-01-08T21:00:00+00:00,BTC/USDT,1h,111.94533228,113.98421631,111.57847453,113.63524306,1446.33942387
2024-01-08T22:00:00+00:00,BTC/USDT,1h,113.63524306,113.84749174,112.94488494,113.04343018,1168.88229873
2024-01-08T23:00:00+00:00,BTC/USDT,1h,113.04343018,113.48761155,112.81335402,113.41818751,1077.29290732
2024-01-09T00:00:00+00:00,BTC/USDT,1h,113.41818751,114.08374302,113.16097582,113.77333491,1130.81686901
2024-01-09T01:00:00+00:00,BTC/USDT,1h,113.77333491,113.87733153,112.68752918,113.02281267,1248.16164769
2024-01-09T02:00:00+00:00,BTC/USDT,1h,113.02281267,113.15290251,112.16605513,112.17655142,1237.26305523
2024-01-09T03:00:00+00:00,BTC/USDT,1h,112.17655142,112.39502472,112.16786392,112.25642084,1200.75793676
2024-01-09T04:00:00+00:00,BTC/USDT,1h,112.25642084,112.89832525,112.19553710,112.79588450,1222.11169255
2024-01-09T05:00:00+00:00,BTC/USDT,1h,112.79588450,112.94392253,112.55743719,112.92787098,1180.29774542
2024-01-09T06:00:00+00:00,BTC/USDT,1h,112.92787098,113.12928748,112.79643979,112.80334021,1023.49417721
2024-01-09T07:00:00+00:00,BTC/USDT,1h,112.80334021,112.95719505,112.72187752,112.86204394,1028.45431558
2024-01-09T08:00:00+00:00,BTC/USDT,1h,112.86204394,113.02353459,112.20728352,112.26157383,1118.45382800
2024-01-09T09:00:00+00:00,BTC/USDT,1h,112.26157383,112.81392711,112.02216742,112.09199703,1065.14468400
2024-01-09T10:00:00+00:00,BTC/USDT,1h,112.09199703,113.24807291,112.08568607,112.94339968,1296.96578580
2024-01-09T11:00:00+00:00,BTC/USDT,1h,112.94339968,113.02712421,111.62858016,111.76652833,1274.54441016
2024-01-09T12:00:00+00:00,BTC/USDT,1h,111.76652833,112.05289121,111.45979956,111.46384099,1186.69691317
2024-01-09T13:00:00+00:00,BTC/USDT,1h,111.46384099,111.59176381,109.45167370,109.77351375,1355.00087879
2024-01-09T14:00:00+00:00,BTC/USDT,1h,109.77351375,110.48703967,109.54975496,110.31222847,1233.69539450
2024-01-09T15:00:00+00:00,BTC/USDT,1h,110.31222847,110.36893113,109.90795063,110.21609525,1051.67859109
2024-01-09T16:00:00+00:00,BTC/USDT,1h,110.21609525,110.48951578,109.39145172,109.40639356,1159.01198162
2024-01-09T17:00:00+00:00,BTC/USDT,1h,109.40639356,109.96632150,108.94668568,109.80312201,1076.08074818
2024-01-09T18:00:00+00:00,BTC/USDT,1h,109.80312201,110.01161309,108.23404518,108.46021675,1277.80976545
2024-01-09T19:00:00+00:00,BTC/USDT,1h,108.46021675,108.50417364,107.20732144,107.26584331,1298.87352808
2024-01-09T20:00:00+00:00,BTC/USDT,1h,107.26584331,107.43273465,107.06309599,107.22735567,1105.64403859
2024-01-09T21:00:00+00:00,BTC/USDT,1h,107.22735567,107.47710587,107.03439103,107.10724827,1165.07811796
2024-01-09T22:00:00+00:00,BTC/USDT,1h,107.10724827,107.12761373,105.10570590,105.56843089,1457.39154850
2024-01-09T23:00:00+00:00,BTC/USDT,1h,105.56843089,105.95464526,104.23723999,104.55784899,1322.99237278
2024-01-10T00:00:00+00:00,BTC/USDT,1h,104.55784899,104.61935770,104.10704630,104.11493625,1236.78257972
2024-01-10T01:00:00+00:00,BTC/USDT,1h,104.11493625,105.19399102,104.10612227,105.12563459,1250.69058210
2024-01-10T02:00:00+00:00,BTC/USDT,1h,105.12563459,105.16255835,104.52621629,104.66305245,1110.75956135
2024-01-10T03:00:00+00:00,BTC/USDT,1h,104.66305245,104.86269643,104.13167340,104.25027038,1120.72022464
2024-01-10T04:00:00+00:00,BTC/USDT,1h,104.25027038,105.30249366,104.08269843,105.16122319,1246.47265739
2024-01-10T05:00:00+00:00,BTC/USDT,1h,105.16122319,105.35703323,104.71578249,104.94692895,1195.80685813
2024-01-10T06:00:00+00:00,BTC/USDT,1h,104.94692895,106.70727244,104.74069960,106.70124009,1493.50688979
2024-01-10T07:00:00+00:00,BTC/USDT,1h,106.70124009,106.84102436,106.58676269,106.72554541,1188.62827607
2024-01-10T08:00:00+00:00,BTC/USDT,1h,106.72554541,107.16937827,106.67569259,106.96353731,1225.36287646
2024-01-10T09:00:00+00:00,BTC/USDT,1h,106.96353731,107.96162301,106.69929985,107.50456493,1168.66645995
2024-01-10T10:00:00+00:00,BTC/USDT,1h,107.50456493,107.67147015,107.12433684,107.20145030,1242.75090784
2024-01-10T11:00:00+00:00,BTC/USDT,1h,107.20145030,108.53811437,107.09194050,108.43960886,1353.04461259
2024-01-10T12:00:00+00:00,BTC/USDT,1h,108.43960886,108.99454216,107.12105449,107.48388092,1269.27850550
2024-01-10T13:00:00+00:00,BTC/USDT,1h,107.48388092,109.07610440,107.46856009,108.80040313,1298.59292401
2024-01-10T14:00:00+00:00,BTC/USDT,1h,108.80040313,109.27841379,108.39270386,108.52100568,1146.71144247
2024-01-10T15:00:00+00:00,BTC/USDT,1h,108.52100568,109.76010594,108.29184552,109.33611696,1199.36619705
2024-01-10T16:00:00+00:00,BTC/USDT,1h,109.33611696,109.58627952,108.63829402,108.70324949,1200.03860473
2024-01-10T17:00:00+00:00,BTC/USDT,1h,108.70324949,108.87415246,108.60945860,108.72857210,1192.85883105
2024-01-10T18:00:00+00:00,BTC/USDT,1h,108.72857210,109.19306184,108.71060557,108.97502378,1219.65253539
2024-01-10T19:00:00+00:00,BTC/USDT,1h,108.97502378,110.02780123,108.70391167,109.72071210,1220.39264821
2024-01-10T20:00:00+00:00,BTC/USDT,1h,109.72071210,109.87074096,109.25311606,109.38170711,1102.48572191
2024-01-10T21:00:00+00:00,BTC/USDT,1h,109.38170711,110.57308424,109.34995945,110.37089875,1214.66601657
2024-01-10T22:00:00+00:00,BTC/USDT,1h,110.37089875,110.80992168,109.57148361,109.88912673,1131.21955074
2024-01-10T23:00:00+00:00,BTC/USDT,1h,109.88912673,110.20543185,108.74681498,108.82902383,1228.22422308
2024-01-11T00:00:00+00:00,BTC/USDT,1h,108.82902383,109.06642870,107.73372785,107.85105000,1281.66758998
2024-01-11T01:00:00+00:00,BTC/USDT,1h,107.85105000,108.10964688,107.84509182,107.87899508,1180.76369601
2024-01-11T02:00:00+00:00,BTC/USDT,1h,107.87899508,109.68346679,107.77475258,109.64474250,1475.44918059
2024-01-11T03:00:00+00:00,BTC/USDT,1h,109.64474250,109.67955746,108.84762020,109.07072101,1130.21104228
2024-01-11T04:00:00+00:00,BTC/USDT,1h,109.07072101,110.04838578,108.83486310,109.53289000,1101.48259446
2024-01-11T05:00:00+00:00,BTC/USDT,1h,109.53289000,110.95529962,109.36669472,110.90027045,1380.75736075
2024-01-11T06:00:00+00:00,BTC/USDT,1h,110.90027045,111.24923112,110.50799785,110.70262205,1076.02952419
2024-01-11T07:00:00+00:00,BTC/USDT,1h,110.70262205,111.10975994,108.20886356,108.43619685,1539.97911596
2024-01-11T08:00:00+00:00,BTC/USDT,1h,108.43619685,108.96617055,108.33889798,108.90686380,1101.55944447
2024-01-11T09:00:00+00:00,BTC/USDT,1h,108.90686380,109.07912314,108.73672821,108.78899331,1116.59372053
2024-01-11T10:00:00+00:00,BTC/USDT,1h,108.78899331,108.82187268,107.39610466,107.66117651,1224.38861193
2024-01-11T11:00:00+00:00,BTC/USDT,1h,107.66117651,109.55244720,107.44994565,109.48394572,1428.61847488
2024-01-11T12:00:00+00:00,BTC/USDT,1h,109.48394572,109.59146201,108.27363815,108.84501831,1236.51789692
2024-01-11T13:00:00+00:00,BTC/USDT,1h,108.84501831,109.60117192,108.79142516,109.44023300,1297.75292769
2024-01-11T14:00:00+00:00,BTC/USDT,1h,109.44023300,109.60103173,109.00411937,109.17133458,1238.59091122
2024-01-11T15:00:00+00:00,BTC/USDT,1h,109.17133458,109.54776236,109.00196654,109.12674381,1065.56448049
2024-01-11T16:00:00+00:00,BTC/USDT,1h,109.12674381,110.29423294,108.88273285,110.21061783,1305.07580413
2024-01-11T17:00:00+00:00,BTC/USDT,1h,110.21061783,110.39000881,110.19633546,110.36651397,1060.10418629
2024-01-11T18:00:00+00:00,BTC/USDT,1h,110.36651397,110.77572273,110.34835481,110.57949799,1197.07007660
2024-01-11T19:00:00+00:00,BTC/USDT,1h,110.57949799,112.07104472,110.43710373,111.84431313,1273.04158999
2024-01-11T20:00:00+00:00,BTC/USDT,1h,111.84431313,111.92422273,111.05627006,111.20380367,1309.78666578
2024-01-11T21:00:00+00:00,BTC/USDT,1h,111.20380367,111.91099890,111.14584515,111.68821805,1270.38367825
2024-01-11T22:00:00+00:00,BTC/USDT,1h,111.68821805,111.93439685,110.07528375,110.28190409,1307.74129772
2024-01-11T23:00:00+00:00,BTC/USDT,1h,110.28190409,110.51013520,107.83618658,108.23424327,1454.07440107
2024-01-12T00:00:00+00:00,BTC/USDT,1h,108.23424327,108.56897775,108.10453818,108.51767644,1119.06492634
2024-01-12T01:00:00+00:00,BTC/USDT,1h,108.51767644,108.84511392,108.34939458,108.82851862,1163.43120671
2024-01-12T02:00:00+00:00,BTC/USDT,1h,108.82851862,108.92886270,107.69973960,108.21114751,1308.50710884
2024-01-12T03:00:00+00:00,BTC/USDT,1h,108.21114751,108.30307464,106.09582993,106.62642882,1444.15769771
2024-01-12T04:00:00+00:00,BTC/USDT,1h,106.62642882,107.62630411,106.58500997,107.52216521,1310.13659834
2024-01-12T05:00:00+00:00,BTC/USDT,1h,107.52216521,107.56435834,107.37546600,107.47536492,1172.45032024
2024-01-12T06:00:00+00:00,BTC/USDT,1h,107.47536492,107.81972996,105.93557686,106.16411099,1442.94655609
2024-01-12T07:00:00+00:00,BTC/USDT,1h,106.16411099,106.24470888,105.94888998,106.07467395,1190.21976846
2024-01-12T08:00:00+00:00,BTC/USDT,1h,106.07467395,106.27766584,105.88342945,106.09846661,1148.84330471
2024-01-12T09:00:00+00:00,BTC/USDT,1h,106.09846661,106.76878304,106.03490694,106.50210920,1212.51838613
2024-01-12T10:00:00+00:00,BTC/USDT,1h,106.50210920,106.57895419,106.38643547,106.39202757,1107.46422755
2024-01-12T11:00:00+00:00,BTC/USDT,1h,106.39202757,107.06342705,106.15875172,106.94772614,1177.60865447
2024-01-12T12:00:00+00:00,BTC/USDT,1h,106.94772614,107.14066725,105.10454067,105.44633734,1340.91522345
2024-01-12T13:00:00+00:00,BTC/USDT,1h,105.44633734,105.72236412,104.91595414,105.01737188,1084.68132315
2024-01-12T14:00:00+00:00,BTC/USDT,1h,105.01737188,105.11922722,104.96676136,104.97214356,1020.85600659
2024-01-12T15:00:00+00:00,BTC/USDT,1h,104.97214356,105.50953075,104.85184244,105.07311520,1022.33617002
2024-01-12T16:00:00+00:00,BTC/USDT,1h,105.07311520,106.25634688,104.71936963,105.96890093,1227.29591343
2024-01-12T17:00:00+00:00,BTC/USDT,1h,105.96890093,105.98032413,105.27131071,105.36055802,1230.65131194
2024-01-12T18:00:00+00:00,BTC/USDT,1h,105.36055802,105.43567448,105.11846165,105.36192260,1089.66322492
2024-01-12T19:00:00+00:00,BTC/USDT,1h,105.36192260,107.02951522,105.16870027,106.95503739,1368.13260042
2024-01-12T20:00:00+00:00,BTC/USDT,1h,106.95503739,108.46427890,106.70298879,108.42401367,1405.76442184
2024-01-12T21:00:00+00:00,BTC/USDT,1h,108.42401367,109.28392973,108.29074530,108.89472297,1196.98946071
2024-01-12T22:00:00+00:00,BTC/USDT,1h,108.89472297,109.11428690,107.90674175,107.93025764,1320.00614127
2024-01-12T23:00:00+00:00,BTC/USDT,1h,107.93025764,108.71966256,107.79649322,108.28595577,1084.47404426
2024-01-13T00:00:00+00:00,BTC/USDT,1h,108.28595577,108.62148307,107.90071032,107.91109066,1165.43375111
2024-01-13T01:00:00+00:00,BTC/USDT,1h,107.91109066,107.93791175,106.77942787,106.89330208,1261.73669483
2024-01-13T02:00:00+00:00,BTC/USDT,1h,106.89330208,107.88060237,106.80389420,107.70236526,1157.74931715
2024-01-13T03:00:00+00:00,BTC/USDT,1h,107.70236526,109.16216380,107.55919501,108.95107726,1314.58013299
2024-01-13T04:00:00+00:00,BTC/USDT,1h,108.95107726,109.52113939,108.86225195,109.43712297,1123.60243676
2024-01-13T05:00:00+00:00,BTC/USDT,1h,109.43712297,109.65400793,108.28221593,108.46082915,1182.30255233
2024-01-13T06:00:00+00:00,BTC/USDT,1h,108.46082915,108.55499792,107.31932444,107.41048295,1361.25200802
2024-01-13T07:00:00+00:00,BTC/USDT,1h,107.41048295,107.61120040,106.78798110,107.06196020,1205.39949539
2024-01-13T08:00:00+00:00,BTC/USDT,1h,107.06196020,107.86325079,106.85415356,107.63722579,1175.35626661
2024-01-13T09:00:00+00:00,BTC/USDT,1h,107.63722579,107.64232983,106.46825298,106.62408498,1360.22256785
2024-01-13T10:00:00+00:00,BTC/USDT,1h,106.62408498,106.67144758,105.17847442,105.53311471,1339.81099353
2024-01-13T11:00:00+00:00,BTC/USDT,1h,105.53311471,105.59918003,104.99349738,105.11320692,1191.43143902
2024-01-13T12:00:00+00:00,BTC/USDT,1h,105.11320692,105.74040014,104.97185197,105.38714303,1129.65149020
2024-01-13T13:00:00+00:00,BTC/USDT,1h,105.38714303,105.81248105,104.92785007,104.98830341,1175.27951451
2024-01-13T14:00:00+00:00,BTC/USDT,1h,104.98830341,105.13644288,104.66749830,104.76529002,1153.63690655
2024-01-13T15:00:00+00:00,BTC/USDT,1h,104.76529002,104.99852130,104.54874137,104.56318432,1197.05978910
2024-01-13T16:00:00+00:00,BTC/USDT,1h,104.56318432,104.82961120,103.33630915,103.35022080,1326.14402358
2024-01-13T17:00:00+00:00,BTC/USDT,1h,103.35022080,104.84638338,103.26642326,104.66034223,1289.34572366
2024-01-13T18:00:00+00:00,BTC/USDT,1h,104.66034223,104.69462012,104.22925170,104.45093506,1074.12279222
2024-01-13T19:00:00+00:00,BTC/USDT,1h,104.45093506,105.09893400,104.32532742,105.00222647,1133.06950786
2024-01-13T20:00:00+00:00,BTC/USDT,1h,105.00222647,107.17045015,104.99632421,107.16048397,1600.14693967
2024-01-13T21:00:00+00:00,BTC/USDT,1h,107.16048397,107.21383436,106.12727337,106.32763513,1161.85398206
2024-01-13T22:00:00+00:00,BTC/USDT,1h,106.32763513,106.73468786,106.04097810,106.72686317,1226.96486717
2024-01-13T23:00:00+00:00,BTC/USDT,1h,106.72686317,107.14385136,105.29009846,105.62069606,1309.47009145
2024-01-14T00:00:00+00:00,BTC/USDT,1h,105.62069606,105.85160982,105.09631684,105.21912259,1248.77358810
2024-01-14T01:00:00+00:00,BTC/USDT,1h,105.21912259,105.90707132,105.07280773,105.80379713,1194.40268425
2024-01-14T02:00:00+00:00,BTC/USDT,1h,105.80379713,105.82408730,104.78032646,104.90168535,1173.37363150
2024-01-14T03:00:00+00:00,BTC/USDT,1h,104.90168535,106.01050318,104.89891888,105.83825163,1311.07353704
2024-01-14T04:00:00+00:00,BTC/USDT,1h,105.83825163,105.86812166,104.39980607,104.44749366,1292.84635783
2024-01-14T05:00:00+00:00,BTC/USDT,1h,104.44749366,104.86226177,103.97816022,104.12676071,1115.66894837
2024-01-14T06:00:00+00:00,BTC/USDT,1h,104.12676071,104.22743130,103.53072176,103.75910446,1216.56083048
2024-01-14T07:00:00+00:00,BTC/USDT,1h,103.75910446,104.29747965,103.59684861,104.10510537,1138.29236847
2024-01-14T08:00:00+00:00,BTC/USDT,1h,104.10510537,104.17574784,103.79263733,104.01632474,1204.12804231
2024-01-14T09:00:00+00:00,BTC/USDT,1h,104.01632474,105.37174056,103.71706606,105.11087917,1235.51207337
2024-01-14T10:00:00+00:00,BTC/USDT,1h,105.11087917,105.43662052,103.99933654,104.21201339,1352.59940690
2024-01-14T11:00:00+00:00,BTC/USDT,1h,104.21201339,104.27975636,102.20409892,102.31247455,1505.15139919
2024-01-14T12:00:00+00:00,BTC/USDT,1h,102.31247455,102.91119832,102.13405447,102.57964493,1090.63038691
2024-01-14T13:00:00+00:00,BTC/USDT,1h,102.57964493,103.05485024,100.93284586,101.05306811,1369.97213307
2024-01-14T14:00:00+00:00,BTC/USDT,1h,101.05306811,101.29288695,100.43770595,100.49158534,1279.11686555
2024-01-14T15:00:00+00:00,BTC/USDT,1h,100.49158534,100.70592901,100.28015950,100.52243606,1153.86162921
2024-01-14T16:00:00+00:00,BTC/USDT,1h,100.52243606,101.39698603,100.19064930,101.37026041,1307.70585996
2024-01-14T17:00:00+00:00,BTC/USDT,1h,101.37026041,101.41667503,100.06896798,100.21251058,1352.26923734
2024-01-14T18:00:00+00:00,BTC/USDT,1h,100.21251058,100.37199705,99.77018491,99.77351495,1202.40426868
2024-01-14T19:00:00+00:00,BTC/USDT,1h,99.77351495,99.96049460,99.44088156,99.54245739,1101.76213615
2024-01-14T20:00:00+00:00,BTC/USDT,1h,99.54245739,99.80796732,99.50553913,99.56289339,1059.77831668
2024-01-14T21:00:00+00:00,BTC/USDT,1h,99.56289339,100.33903786,99.46967775,100.27592473,1205.97085910
2024-01-14T22:00:00+00:00,BTC/USDT,1h,100.27592473,101.34374379,100.00665234,101.30086151,1344.82852430
2024-01-14T23:00:00+00:00,BTC/USDT,1h,101.30086151,101.80453928,101.24462536,101.60077904,1063.43399173
2024-01-15T00:00:00+00:00,BTC/USDT,1h,101.60077904,101.86021832,101.48779721,101.69207807,1147.58146242
2024-01-15T01:00:00+00:00,BTC/USDT,1h,101.69207807,101.96501072,100.46875864,100.62353234,1226.46325633
2024-01-15T02:00:00+00:00,BTC/USDT,1h,100.62353234,100.75921909,98.74033393,98.85640910,1361.73357259
2024-01-15T03:00:00+00:00,BTC/USDT,1h,98.85640910,100.24397078,98.83572663,100.21690289,1451.56923760
2024-01-15T04:00:00+00:00,BTC/USDT,1h,100.21690289,100.54951031,99.24641425,99.45551064,1351.82229324
2024-01-15T05:00:00+00:00,BTC/USDT,1h,99.45551064,100.13427918,99.32567762,99.96975426,1173.79652786
2024-01-15T06:00:00+00:00,BTC/USDT,1h,99.96975426,101.12171931,99.76009965,101.00766882,1304.92740733
2024-01-15T07:00:00+00:00,BTC/USDT,1h,101.00766882,101.92298869,100.90471216,101.62527801,1158.75071113
2024-01-15T08:00:00+00:00,BTC/USDT,1h,101.62527801,102.49931157,101.49774624,102.39733998,1294.71218402
2024-01-15T09:00:00+00:00,BTC/USDT,1h,102.39733998,102.41221540,101.46187334,101.85567119,1211.39027465
2024-01-15T10:00:00+00:00,BTC/USDT,1h,101.85567119,102.09427088,101.45220261,101.52533520,1100.19777067
2024-01-15T11:00:00+00:00,BTC/USDT,1h,101.52533520,102.28104637,101.46399145,102.22225201,1226.04112113
2024-01-15T12:00:00+00:00,BTC/USDT,1h,102.22225201,103.75025682,102.05401793,103.55803676,1432.43456006
2024-01-15T13:00:00+00:00,BTC/USDT,1h,103.55803676,104.90784443,103.43641276,104.31457759,1202.92687662
2024-01-15T14:00:00+00:00,BTC/USDT,1h,104.31457759,104.53293654,102.78916626,102.94755999,1393.85470731
2024-01-15T15:00:00+00:00,BTC/USDT,1h,102.94755999,103.68584333,102.76464605,103.53157685,1218.46784717
2024-01-15T16:00:00+00:00,BTC/USDT,1h,103.53157685,103.96833143,103.51514544,103.96199546,1168.88666782
2024-01-15T17:00:00+00:00,BTC/USDT,1h,103.96199546,104.75738503,103.71234153,104.35351423,1115.01571454
2024-01-15T18:00:00+00:00,BTC/USDT,1h,104.35351423,104.61826560,104.27756637,104.30104583,1042.78107088
2024-01-15T19:00:00+00:00,BTC/USDT,1h,104.30104583,104.64096843,103.42122130,103.55788676,1190.85008983
2024-01-15T20:00:00+00:00,BTC/USDT,1h,103.55788676,104.19808702,103.43416372,103.98888233,1160.73471246
2024-01-15T21:00:00+00:00,BTC/USDT,1h,103.98888233,104.13293965,103.90374886,104.11589494,1149.92695594
2024-01-15T22:00:00+00:00,BTC/USDT,1h,104.11589494,104.34236659,102.60643039,102.61948382,1383.16246485
2024-01-15T23:00:00+00:00,BTC/USDT,1h,102.61948382,102.63089815,102.51252748,102.62143039,1138.21997512
2024-01-16T00:00:00+00:00,BTC/USDT,1h,102.62143039,102.95787999,102.61151387,102.63723851,1147.76754735
2024-01-16T01:00:00+00:00,BTC/USDT,1h,102.63723851,103.03576611,102.32014841,102.72235485,1150.89691110
2024-01-16T02:00:00+00:00,BTC/USDT,1h,102.72235485,103.03458274,102.71614299,103.02044038,1106.15771138
2024-01-16T03:00:00+00:00,BTC/USDT,1h,103.02044038,104.27179021,102.95833490,104.26838094,1303.75911439
2024-01-16T04:00:00+00:00,BTC/USDT,1h,104.26838094,105.50385829,104.24120520,105.26851429,1282.69884905
2024-01-16T05:00:00+00:00,BTC/USDT,1h,105.26851429,105.35977153,104.35482514,104.72719614,1137.35007000
2024-01-16T06:00:00+00:00,BTC/USDT,1h,104.72719614,105.35131308,104.36120877,105.12338773,1109.83318371
2024-01-16T07:00:00+00:00,BTC/USDT,1h,105.12338773,105.58638448,104.90780873,105.48618176,1214.11618069
2024-01-16T08:00:00+00:00,BTC/USDT,1h,105.48618176,105.71741536,104.74365473,105.17971718,1198.11827355
2024-01-16T09:00:00+00:00,BTC/USDT,1h,105.17971718,105.66669947,105.07630269,105.45291850,1140.63335640
2024-01-16T10:00:00+00:00,BTC/USDT,1h,105.45291850,105.51213942,104.65645122,104.70214829,1305.64034051
2024-01-16T11:00:00+00:00,BTC/USDT,1h,104.70214829,105.52524096,104.36262085,105.38982522,1228.66923520
2024-01-16T12:00:00+00:00,BTC/USDT,1h,105.38982522,106.47144926,105.21615952,106.39518711,1305.29578032
2024-01-16T13:00:00+00:00,BTC/USDT,1h,106.39518711,106.64844077,105.20264333,105.51782446,1258.25254366
2024-01-16T14:00:00+00:00,BTC/USDT,1h,105.51782446,107.21238846,105.34391485,107.12169789,1379.55577245
2024-01-16T15:00:00+00:00,BTC/USDT,1h,107.12169789,107.50658297,107.04523595,107.41903713,1177.63790397
2024-01-16T16:00:00+00:00,BTC/USDT,1h,107.41903713,107.87393129,107.00548882,107.14952180,1212.03659224
2024-01-16T17:00:00+00:00,BTC/USDT,1h,107.14952180,108.08325235,107.03404955,107.89815521,1159.64948627
2024-01-16T18:00:00+00:00,BTC/USDT,1h,107.89815521,108.03915783,107.79073216,107.94298576,1141.04959638
2024-01-16T19:00:00+00:00,BTC/USDT,1h,107.94298576,107.98778114,107.62099823,107.98513988,1025.80203601
2024-01-16T20:00:00+00:00,BTC/USDT,1h,107.98513988,108.66645423,107.80462653,108.58506476,1191.11047498
2024-01-16T21:00:00+00:00,BTC/USDT,1h,108.58506476,108.99934236,106.39369877,106.61634313,1472.45817970
2024-01-16T22:00:00+00:00,BTC/USDT,1h,106.61634313,106.92331199,105.53147560,105.74044176,1202.39620513
2024-01-16T23:00:00+00:00,BTC/USDT,1h,105.74044176,105.86827409,105.11191030,105.34655650,1241.23544795
2024-01-17T00:00:00+00:00,BTC/USDT,1h,105.34655650,105.94489665,105.00802549,105.90973087,1167.72749362
2024-01-17T01:00:00+00:00,BTC/USDT,1h,105.90973087,105.97894550,105.43771214,105.54097411,1203.51707908
2024-01-17T02:00:00+00:00,BTC/USDT,1h,105.54097411,107.48853020,105.53840482,107.25633144,1365.97699328
2024-01-17T03:00:00+00:00,BTC/USDT,1h,107.25633144,107.83516821,107.10333540,107.74864181,1164.65545694
2024-01-17T04:00:00+00:00,BTC/USDT,1h,107.74864181,109.24954422,107.52576849,109.02016025,1294.42859337
2024-01-17T05:00:00+00:00,BTC/USDT,1h,109.02016025,109.12381201,107.65517762,107.98243062,1357.88875143
2024-01-17T06:00:00+00:00,BTC/USDT,1h,107.98243062,108.29749945,107.83228459,107.99200534,1086.92856960
2024-01-17T07:00:00+00:00,BTC/USDT,1h,107.99200534,108.02689797,107.11307655,107.27840563,1317.10943186
2024-01-17T08:00:00+00:00,BTC/USDT,1h,107.27840563,109.30933874,107.10599401,109.14654644,1372.10514723
2024-01-17T09:00:00+00:00,BTC/USDT,1h,109.14654644,110.44097481,109.07815324,110.40385797,1408.11119937
2024-01-17T10:00:00+00:00,BTC/USDT,1h,110.40385797,112.65939901,110.36785975,112.49910026,1395.23497439
2024-01-17T11:00:00+00:00,BTC/USDT,1h,112.49910026,112.73245376,112.47439507,112.72245920,1153.82457099
2024-01-17T12:00:00+00:00,BTC/USDT,1h,112.72245920,113.13656222,110.66158746,110.86192371,1367.41802749
2024-01-17T13:00:00+00:00,BTC/USDT,1h,110.86192371,111.06118042,109.45179962,109.65160663,1315.98922544
2024-01-17T14:00:00+00:00,BTC/USDT,1h,109.65160663,109.87066931,109.10463739,109.56018519,1160.93152135
2024-01-17T15:00:00+00:00,BTC/USDT,1h,109.56018519,110.67603049,109.37299364,110.18131594,1218.93695017
2024-01-17T16:00:00+00:00,BTC/USDT,1h,110.18131594,110.32278686,110.07979147,110.10406037,1143.05122368
2024-01-17T17:00:00+00:00,BTC/USDT,1h,110.10406037,110.23125733,109.96949766,110.18805531,1064.10054936
2024-01-17T18:00:00+00:00,BTC/USDT,1h,110.18805531,110.23565223,108.70092270,109.18608874,1197.08744903
2024-01-17T19:00:00+00:00,BTC/USDT,1h,109.18608874,109.50125394,108.45331845,108.57644571,1228.49751652
2024-01-17T20:00:00+00:00,BTC/USDT,1h,108.57644571,109.09824992,108.41655813,108.87084686,1131.01523551
2024-01-17T21:00:00+00:00,BTC/USDT,1h,108.87084686,108.94128431,108.17518156,108.20002330,1189.56939756
2024-01-17T22:00:00+00:00,BTC/USDT,1h,108.20002330,108.29590277,108.01437973,108.19616780,1036.37360285
2024-01-17T23:00:00+00:00,BTC/USDT,1h,108.19616780,108.42720072,106.42580976,106.70952839,1284.90726203
2024-01-18T00:00:00+00:00,BTC/USDT,1h,106.70952839,107.80280826,106.70946762,107.50215148,1309.93403811
2024-01-18T01:00:00+00:00,BTC/USDT,1h,107.50215148,107.55108053,106.57106360,107.00351272,1248.50385288
2024-01-18T02:00:00+00:00,BTC/USDT,1h,107.00351272,107.84639311,106.90876467,107.75589971,1214.69660280
2024-01-18T03:00:00+00:00,BTC/USDT,1h,107.75589971,108.03147571,107.04096199,107.38002259,1238.69688820
2024-01-18T04:00:00+00:00,BTC/USDT,1h,107.38002259,107.61892321,107.27234602,107.44473238,1159.37385874
2024-01-18T05:00:00+00:00,BTC/USDT,1h,107.44473238,107.81374379,107.18980061,107.76161793,1112.18056879
2024-01-18T06:00:00+00:00,BTC/USDT,1h,107.76161793,108.66929851,107.58698835,108.51153229,1208.80813379
2024-01-18T07:00:00+00:00,BTC/USDT,1h,108.51153229,108.75819920,108.01459089,108.17778221,1082.18595059
2024-01-18T08:00:00+00:00,BTC/USDT,1h,108.17778221,108.93845303,108.04473724,108.84655132,1268.82822878
2024-01-18T09:00:00+00:00,BTC/USDT,1h,108.84655132,108.96912983,107.52305095,107.64685923,1419.66486328
2024-01-18T10:00:00+00:00,BTC/USDT,1h,107.64685923,107.87323929,106.94154162,107.04421800,1288.28674045
2024-01-18T11:00:00+00:00,BTC/USDT,1h,107.04421800,107.25787286,105.90361145,105.90934316,1298.34495181
2024-01-18T12:00:00+00:00,BTC/USDT,1h,105.90934316,106.70410936,105.83554358,106.44237444,1141.19532187
2024-01-18T13:00:00+00:00,BTC/USDT,1h,106.44237444,106.48779468,105.72346473,105.73481683,1227.65207082
2024-01-18T14:00:00+00:00,BTC/USDT,1h,105.73481683,106.16619276,105.66949318,106.06720949,1082.69832844
2024-01-18T15:00:00+00:00,BTC/USDT,1h,106.06720949,106.11719119,105.95537435,106.04198998,1112.06773842
2024-01-18T16:00:00+00:00,BTC/USDT,1h,106.04198998,106.41041859,105.84953237,106.29569027,1211.14256815
2024-01-18T17:00:00+00:00,BTC/USDT,1h,106.29569027,107.01936405,106.25602096,106.99653091,1153.70165814
2024-01-18T18:00:00+00:00,BTC/USDT,1h,106.99653091,107.54260706,106.92016220,107.34504100,1252.84251589
2024-01-18T19:00:00+00:00,BTC/USDT,1h,107.34504100,107.79162730,107.25420279,107.52941234,1085.41519383
2024-01-18T20:00:00+00:00,BTC/USDT,1h,107.52941234,108.96588018,107.24777979,108.84196860,1392.53942388
2024-01-18T21:00:00+00:00,BTC/USDT,1h,108.84196860,108.93139552,107.59354931,108.07650988,1324.93085075
2024-01-18T22:00:00+00:00,BTC/USDT,1h,108.07650988,108.07690455,106.98306305,107.18704910,1295.70438938
2024-01-18T23:00:00+00:00,BTC/USDT,1h,107.18704910,107.19459881,106.28200985,106.39891687,1287.05223377
2024-01-19T00:00:00+00:00,BTC/USDT,1h,106.39891687,106.46309544,104.88710951,104.91025489,1380.00513536
2024-01-19T01:00:00+00:00,BTC/USDT,1h,104.91025489,105.03058257,102.97388655,103.59495768,1449.04877822
2024-01-19T02:00:00+00:00,BTC/USDT,1h,103.59495768,104.53493402,103.53849216,104.22007255,1203.97097726
2024-01-19T03:00:00+00:00,BTC/USDT,1h,104.22007255,104.38104352,103.54083942,103.63343479,1209.69006218
2024-01-19T04:00:00+00:00,BTC/USDT,1h,103.63343479,104.93267398,103.32025831,104.76683545,1320.55163110
2024-01-19T05:00:00+00:00,BTC/USDT,1h,104.76683545,105.05845265,103.49412650,103.78687851,1369.26882000
2024-01-19T06:00:00+00:00,BTC/USDT,1h,103.78687851,105.14878483,103.58817603,105.00311038,1413.89194795
2024-01-19T07:00:00+00:00,BTC/USDT,1h,105.00311038,105.29827918,104.68386219,104.82940264,1085.35762377
2024-01-19T08:00:00+00:00,BTC/USDT,1h,104.82940264,104.92747912,104.03896443,104.25727394,1110.89389228
2024-01-19T09:00:00+00:00,BTC/USDT,1h,104.25727394,104.39902233,103.79871158,104.15131019,1073.76377389
2024-01-19T10:00:00+00:00,BTC/USDT,1h,104.15131019,104.18362643,103.70758059,103.74923550,1235.66784665
2024-01-19T11:00:00+00:00,BTC/USDT,1h,103.74923550,103.76252153,102.92965316,103.21222058,1176.59339458
2024-01-19T12:00:00+00:00,BTC/USDT,1h,103.21222058,103.64544036,101.52226820,101.94057019,1417.54262255
2024-01-19T13:00:00+00:00,BTC/USDT,1h,101.94057019,102.00855003,100.78874499,100.98816839,1376.16156875
2024-01-19T14:00:00+00:00,BTC/USDT,1h,100.98816839,101.17352557,100.75961088,100.93179752,1202.80245824
2024-01-19T15:00:00+00:00,BTC/USDT,1h,100.93179752,102.23991116,100.60552995,102.09772916,1263.29590273
2024-01-19T16:00:00+00:00,BTC/USDT,1h,102.09772916,103.83463510,101.97031113,103.75044360,1371.15391499
2024-01-19T17:00:00+00:00,BTC/USDT,1h,103.75044360,105.38597948,103.58173946,105.20793330,1328.35084390
2024-01-19T18:00:00+00:00,BTC/USDT,1h,105.20793330,105.26754032,104.82866749,104.97806684,1242.38477475
2024-01-19T19:00:00+00:00,BTC/USDT,1h,104.97806684,105.18534139,104.73948907,104.85263581,1076.97608424
2024-01-19T20:00:00+00:00,BTC/USDT,1h,104.85263581,105.61686081,104.61618791,105.30773748,1194.67244421
2024-01-19T21:00:00+00:00,BTC/USDT,1h,105.30773748,105.85175705,104.45767364,104.85695655,1141.30533697
2024-01-19T22:00:00+00:00,BTC/USDT,1h,104.85695655,104.95482139,104.53679366,104.82975761,1161.49810312
2024-01-19T23:00:00+00:00,BTC/USDT,1h,104.82975761,104.85650672,104.25730211,104.51547725,1093.69294268
2024-01-20T00:00:00+00:00,BTC/USDT,1h,104.51547725,104.99294025,104.19396170,104.93623098,1134.66257309
2024-01-20T01:00:00+00:00,BTC/USDT,1h,104.93623098,105.56424484,104.83005372,105.28308138,1167.21044381
2024-01-20T02:00:00+00:00,BTC/USDT,1h,105.28308138,105.36245678,104.37854632,104.61295096,1184.83969773
2024-01-20T03:00:00+00:00,BTC/USDT,1h,104.61295096,105.35228612,104.32591594,105.22062978,1122.06980531
2024-01-20T04:00:00+00:00,BTC/USDT,1h,105.22062978,105.32939364,104.46678943,104.66729626,1235.94821841
2024-01-20T05:00:00+00:00,BTC/USDT,1h,104.66729626,105.56040220,104.45261595,105.48419316,1213.58588354
2024-01-20T06:00:00+00:00,BTC/USDT,1h,105.48419316,105.63476582,105.31111916,105.36108053,1219.07244759
2024-01-20T07:00:00+00:00,BTC/USDT,1h,105.36108053,106.60570659,105.08311540,106.57210774,1294.03430921
2024-01-20T08:00:00+00:00,BTC/USDT,1h,106.57210774,106.88692670,106.31555585,106.42914735,1066.16341125
2024-01-20T09:00:00+00:00,BTC/USDT,1h,106.42914735,106.75911922,104.48723072,104.72251114,1485.01887303
2024-01-20T10:00:00+00:00,BTC/USDT,1h,104.72251114,105.25955554,104.55835229,105.03440236,1137.11583982
2024-01-20T11:00:00+00:00,BTC/USDT,1h,105.03440236,105.06133800,103.79283388,103.97226385,1216.30306747
2024-01-20T12:00:00+00:00,BTC/USDT,1h,103.97226385,104.12684506,103.92964192,103.99197966,1178.74296498
2024-01-20T13:00:00+00:00,BTC/USDT,1h,103.99197966,104.75178612,103.90104568,104.46058880,1156.13334379
2024-01-20T14:00:00+00:00,BTC/USDT,1h,104.46058880,105.43671527,104.22963720,105.08356231,1142.80312651
2024-01-20T15:00:00+00:00,BTC/USDT,1h,105.08356231,105.17344422,104.34268540,104.84810908,1167.75659490
2024-01-20T16:00:00+00:00,BTC/USDT,1h,104.84810908,105.11365415,104.82850768,104.96417329,1043.74852768
2024-01-20T17:00:00+00:00,BTC/USDT,1h,104.96417329,105.20931877,104.27879318,104.29068799,1255.64596838
2024-01-20T18:00:00+00:00,BTC/USDT,1h,104.29068799,104.57244346,103.02944226,103.85379463,1212.11962337
2024-01-20T19:00:00+00:00,BTC/USDT,1h,103.85379463,103.87999354,103.56445020,103.59023872,1152.10923220
2024-01-20T20:00:00+00:00,BTC/USDT,1h,103.59023872,105.66522748,103.57349199,105.59367916,1577.15219160
2024-01-20T21:00:00+00:00,BTC/USDT,1h,105.59367916,105.93881841,105.49589990,105.84281050,1194.65013212
2024-01-20T22:00:00+00:00,BTC/USDT,1h,105.84281050,105.93604464,104.77431903,105.01437718,1272.85435572
2024-01-20T23:00:00+00:00,BTC/USDT,1h,105.01437718,105.11158137,104.42093861,104.42286456,1282.14658341
2024-01-21T00:00:00+00:00,BTC/USDT,1h,104.42286456,104.67603991,103.89500578,103.90714617,1273.65445630
2024-01-21T01:00:00+00:00,BTC/USDT,1h,103.90714617,104.39966276,103.10723111,103.17153840,1170.21329286
2024-01-21T02:00:00+00:00,BTC/USDT,1h,103.17153840,103.29182752,102.44120443,102.45129820,1191.40465010
2024-01-21T03:00:00+00:00,BTC/USDT,1h,102.45129820,102.62925957,101.84620477,101.85007538,1141.06993453
2024-01-21T04:00:00+00:00,BTC/USDT,1h,101.85007538,102.52550834,101.63367965,102.16903455,1115.18572680
2024-01-21T05:00:00+00:00,BTC/USDT,1h,102.16903455,102.19273726,101.64821036,102.19088632,1190.33543351
2024-01-21T06:00:00+00:00,BTC/USDT,1h,102.19088632,102.50760259,102.19002005,102.48258570,1139.99505715
2024-01-21T07:00:00+00:00,BTC/USDT,1h,102.48258570,102.80326510,102.21997931,102.77118730,1203.99247043
2024-01-21T08:00:00+00:00,BTC/USDT,1h,102.77118730,102.85448873,101.70821445,101.85094268,1313.07761699
2024-01-21T09:00:00+00:00,BTC/USDT,1h,101.85094268,103.04506656,101.78692098,103.00283914,1388.95550113
2024-01-21T10:00:00+00:00,BTC/USDT,1h,103.00283914,103.43732453,102.77475745,103.38544357,1222.06470337
2024-01-21T11:00:00+00:00,BTC/USDT,1h,103.38544357,103.52091765,102.39428066,102.54215707,1330.26979539
2024-01-21T12:00:00+00:00,BTC/USDT,1h,102.54215707,102.65093935,100.44080879,100.53868813,1476.57217812
2024-01-21T13:00:00+00:00,BTC/USDT,1h,100.53868813,100.78280755,98.34173566,98.36786406,1518.75182235
2024-01-21T14:00:00+00:00,BTC/USDT,1h,98.36786406,98.51378948,98.08794077,98.16488793,1198.20569354
2024-01-21T15:00:00+00:00,BTC/USDT,1h,98.16488793,98.33132212,97.76011067,97.76564573,1205.73683315
2024-01-21T16:00:00+00:00,BTC/USDT,1h,97.76564573,97.86648085,96.49189704,96.86863638,1279.72584766
2024-01-21T17:00:00+00:00,BTC/USDT,1h,96.86863638,99.01523491,96.86125670,98.80142473,1583.27032247
2024-01-21T18:00:00+00:00,BTC/USDT,1h,98.80142473,99.03186853,97.83754555,97.90705558,1285.58326038
2024-01-21T19:00:00+00:00,BTC/USDT,1h,97.90705558,99.16129625,97.83065994,98.91425274,1285.55166710
2024-01-21T20:00:00+00:00,BTC/USDT,1h,98.91425274,99.08553240,97.50934451,97.64076123,1266.45535813
2024-01-21T21:00:00+00:00,BTC/USDT,1h,97.64076123,97.69081585,97.28751463,97.39438331,1195.65573902
2024-01-21T22:00:00+00:00,BTC/USDT,1h,97.39438331,97.42922550,96.33344680,96.57107463,1225.88421668
2024-01-21T23:00:00+00:00,BTC/USDT,1h,96.57107463,96.66857584,95.98847544,96.54704357,1076.96456347
2024-01-22T00:00:00+00:00,BTC/USDT,1h,96.54704357,97.00572020,96.40037666,96.76170565,1066.50275288
2024-01-22T01:00:00+00:00,BTC/USDT,1h,96.76170565,97.15046262,96.57194344,97.09561267,1103.36322896
2024-01-22T02:00:00+00:00,BTC/USDT,1h,97.09561267,98.50687158,96.89243837,98.22706550,1390.69133036
2024-01-22T03:00:00+00:00,BTC/USDT,1h,98.22706550,99.40983145,98.04113599,99.31952058,1369.76363873
2024-01-22T04:00:00+00:00,BTC/USDT,1h,99.31952058,99.50525314,99.21860416,99.23028305,1103.49617966
2024-01-22T05:00:00+00:00,BTC/USDT,1h,99.23028305,100.44358664,99.12795837,100.16004762,1363.54082446
2024-01-22T06:00:00+00:00,BTC/USDT,1h,100.16004762,100.35316885,100.04942203,100.10195539,1185.87023452
2024-01-22T07:00:00+00:00,BTC/USDT,1h,100.10195539,100.35294624,99.99298481,100.26951557,1208.74657228
2024-01-22T08:00:00+00:00,BTC/USDT,1h,100.26951557,100.64732176,99.90575026,100.02086235,1067.16955588
2024-01-22T09:00:00+00:00,BTC/USDT,1h,100.02086235,100.18729632,99.95010113,99.96734657,1017.85652331
2024-01-22T10:00:00+00:00,BTC/USDT,1h,99.96734657,100.00616869,99.76345467,99.88954656,1173.66924721
2024-01-22T11:00:00+00:00,BTC/USDT,1h,99.88954656,100.23589618,99.54056768,99.54184400,1209.75668124
2024-01-22T12:00:00+00:00,BTC/USDT,1h,99.54184400,99.75387794,99.24935743,99.29729490,1072.64558017
2024-01-22T13:00:00+00:00,BTC/USDT,1h,99.29729490,99.44520167,98.61894643,98.88113979,1203.52014102
2024-01-22T14:00:00+00:00,BTC/USDT,1h,98.88113979,101.08612110,98.47425360,101.06373765,1508.34324675
2024-01-22T15:00:00+00:00,BTC/USDT,1h,101.06373765,101.15298888,100.59292225,100.75563971,1182.80484010
2024-01-22T16:00:00+00:00,BTC/USDT,1h,100.75563971,101.63935155,100.65785723,101.38260627,1161.79689512
2024-01-22T17:00:00+00:00,BTC/USDT,1h,101.38260627,102.38687430,101.02658176,102.34664659,1255.68780335
2024-01-22T18:00:00+00:00,BTC/USDT,1h,102.34664659,102.62904045,102.20925108,102.49559973,1062.65774872
2024-01-22T19:00:00+00:00,BTC/USDT,1h,102.49559973,103.98233689,102.48566334,103.79070326,1374.64598461
2024-01-22T20:00:00+00:00,BTC/USDT,1h,103.79070326,104.53899800,103.62433960,104.30314371,1187.28736540
2024-01-22T21:00:00+00:00,BTC/USDT,1h,104.30314371,104.39479368,103.29391291,103.32734790,1302.72831316
2024-01-22T22:00:00+00:00,BTC/USDT,1h,103.32734790,103.83345377,102.24342369,102.24916251,1303.51055620
2024-01-22T23:00:00+00:00,BTC/USDT,1h,102.24916251,102.50492462,100.91946276,100.96989935,1379.90754052
2024-01-23T00:00:00+00:00,BTC/USDT,1h,100.96989935,102.29507998,100.81093687,102.06068104,1226.98648509
2024-01-23T01:00:00+00:00,BTC/USDT,1h,102.06068104,103.20574194,101.75267395,103.05021058,1229.53715309
2024-01-23T02:00:00+00:00,BTC/USDT,1h,103.05021058,103.40487522,102.46908923,103.34150911,1135.19593038
2024-01-23T03:00:00+00:00,BTC/USDT,1h,103.34150911,103.49918658,102.03259579,102.06103121,1403.14337781
2024-01-23T04:00:00+00:00,BTC/USDT,1h,102.06103121,102.42916044,101.50765815,101.61139005,1129.81675838
2024-01-23T05:00:00+00:00,BTC/USDT,1h,101.61139005,101.73606872,100.89488184,100.98846468,1209.23557294
2024-01-23T06:00:00+00:00,BTC/USDT,1h,100.98846468,101.12006165,100.98191139,101.01517220,1026.42258135
2024-01-23T07:00:00+00:00,BTC/USDT,1h,101.01517220,101.46713059,100.70907783,101.44755751,1279.75140321
2024-01-23T08:00:00+00:00,BTC/USDT,1h,101.44755751,101.49064953,100.08284931,100.08714086,1351.30282325
2024-01-23T09:00:00+00:00,BTC/USDT,1h,100.08714086,100.73404145,99.65903090,100.65500603,1261.76015531
2024-01-23T10:00:00+00:00,BTC/USDT,1h,100.65500603,100.76355292,99.38851092,99.60227469,1309.52531618
2024-01-23T11:00:00+00:00,BTC/USDT,1h,99.60227469,99.63014478,98.95315194,99.11905355,1169.23502825
2024-01-23T12:00:00+00:00,BTC/USDT,1h,99.11905355,100.04746163,98.97102308,100.04070293,1311.22223934
2024-01-23T13:00:00+00:00,BTC/USDT,1h,100.04070293,100.75463864,99.96757545,100.72419621,1232.87691067
2024-01-23T14:00:00+00:00,BTC/USDT,1h,100.72419621,101.17482917,100.50796824,101.14212332,1176.91393318
2024-01-23T15:00:00+00:00,BTC/USDT,1h,101.14212332,101.29143160,100.26883392,100.56058373,1218.76786838
2024-01-23T16:00:00+00:00,BTC/USDT,1h,100.56058373,100.92383561,100.39477514,100.79823809,1146.92241995
2024-01-23T17:00:00+00:00,BTC/USDT,1h,100.79823809,101.02621035,100.45129898,100.69074807,1070.89156927
2024-01-23T18:00:00+00:00,BTC/USDT,1h,100.69074807,100.84928217,100.17128334,100.26467611,1120.52030658
2024-01-23T19:00:00+00:00,BTC/USDT,1h,100.26467611,100.87200926,100.13649709,100.85429032,1256.08143072
2024-01-23T20:00:00+00:00,BTC/USDT,1h,100.85429032,100.99590184,100.78956162,100.98561768,1199.40955495
2024-01-23T21:00:00+00:00,BTC/USDT,1h,100.98561768,101.11201581,100.49253874,100.87944376,1073.84440659
2024-01-23T22:00:00+00:00,BTC/USDT,1h,100.87944376,101.50313629,100.68636068,101.39898087,1178.40260187
2024-01-23T23:00:00+00:00,BTC/USDT,1h,101.39898087,101.46073342,100.92982598,101.18835613,1161.77421709
2024-01-24T00:00:00+00:00,BTC/USDT,1h,101.18835613,102.35416990,101.12057657,102.10371269,1207.71652569
2024-01-24T01:00:00+00:00,BTC/USDT,1h,102.10371269,103.69497699,101.68309959,103.66422077,1495.91126719
2024-01-24T02:00:00+00:00,BTC/USDT,1h,103.66422077,103.82572709,103.46062094,103.78316234,1029.48804974
2024-01-24T03:00:00+00:00,BTC/USDT,1h,103.78316234,104.75072607,103.42569553,104.61775303,1350.16548063
2024-01-24T04:00:00+00:00,BTC/USDT,1h,104.61775303,104.99675853,103.55017141,104.03219544,1147.59464680
2024-01-24T05:00:00+00:00,BTC/USDT,1h,104.03219544,104.87000988,104.03047600,104.48785088,1231.90089490
2024-01-24T06:00:00+00:00,BTC/USDT,1h,104.48785088,104.58166629,103.55448081,103.79798655,1214.07988596
2024-01-24T07:00:00+00:00,BTC/USDT,1h,103.79798655,104.07395855,102.84097494,103.02318415,1262.70826078
2024-01-24T08:00:00+00:00,BTC/USDT,1h,103.02318415,104.34532034,102.96601765,104.10765892,1289.75879046
2024-01-24T09:00:00+00:00,BTC/USDT,1h,104.10765892,104.77518607,104.04029955,104.67356922,1157.86609243
2024-01-24T10:00:00+00:00,BTC/USDT,1h,104.67356922,106.33412255,104.47641644,106.19006048,1379.00139702
2024-01-24T11:00:00+00:00,BTC/USDT,1h,106.19006048,106.29800003,104.18813535,104.48446122,1463.29997379
2024-01-24T12:00:00+00:00,BTC/USDT,1h,104.48446122,104.60513337,104.02369277,104.28905112,1176.09087274
2024-01-24T13:00:00+00:00,BTC/USDT,1h,104.28905112,104.51960645,104.15105460,104.32100827,1055.92355245
2024-01-24T14:00:00+00:00,BTC/USDT,1h,104.32100827,105.07552967,104.24514088,105.04822762,1199.52604571
2024-01-24T15:00:00+00:00,BTC/USDT,1h,105.04822762,105.05865140,104.20508998,104.21012717,1332.75610721
2024-01-24T16:00:00+00:00,BTC/USDT,1h,104.21012717,105.27893975,104.03922226,105.01236324,1269.46543743
2024-01-24T17:00:00+00:00,BTC/USDT,1h,105.01236324,106.46406486,104.94367570,106.39615048,1351.61428191
2024-01-24T18:00:00+00:00,BTC/USDT,1h,106.39615048,106.61871620,106.21571640,106.49739700,1165.30351357
2024-01-24T19:00:00+00:00,BTC/USDT,1h,106.49739700,106.70517779,105.58983056,105.69076257,1169.58233163
2024-01-24T20:00:00+00:00,BTC/USDT,1h,105.69076257,106.11126857,105.23216172,105.29364913,1187.25258746
2024-01-24T21:00:00+00:00,BTC/USDT,1h,105.29364913,105.35454608,104.84955180,104.90998266,1085.30190934
2024-01-24T22:00:00+00:00,BTC/USDT,1h,104.90998266,105.16369468,103.48906200,103.69557337,1431.85290247
2024-01-24T23:00:00+00:00,BTC/USDT,1h,103.69557337,104.02524886,103.43992593,103.70266687,1091.37279239
2024-01-25T00:00:00+00:00,BTC/USDT,1h,103.70266687,103.91309938,101.98813587,102.06029930,1398.49938814
2024-01-25T01:00:00+00:00,BTC/USDT,1h,102.06029930,102.22308751,101.33456850,101.76964770,1110.29265930
2024-01-25T02:00:00+00:00,BTC/USDT,1h,101.76964770,103.78693889,101.64778406,103.60302265,1435.80829723
2024-01-25T03:00:00+00:00,BTC/USDT,1h,103.60302265,103.87146599,103.06507009,103.25811789,1077.77506707
2024-01-25T04:00:00+00:00,BTC/USDT,1h,103.25811789,103.62060190,102.65448821,102.91256689,1198.36101138
2024-01-25T05:00:00+00:00,BTC/USDT,1h,102.91256689,102.99936528,101.90558889,102.13733550,1203.07065569
2024-01-25T06:00:00+00:00,BTC/USDT,1h,102.13733550,104.08983078,101.96138252,103.97314924,1467.69613296
2024-01-25T07:00:00+00:00,BTC/USDT,1h,103.97314924,104.21440152,102.47159047,102.62060351,1371.36446944
2024-01-25T08:00:00+00:00,BTC/USDT,1h,102.62060351,102.97280345,101.88259981,102.09127378,1213.51710895
2024-01-25T09:00:00+00:00,BTC/USDT,1h,102.09127378,102.20512029,100.84174997,101.35260831,1278.05824198
2024-01-25T10:00:00+00:00,BTC/USDT,1h,101.35260831,101.61139976,100.53410485,100.58918416,1350.50851463
2024-01-25T11:00:00+00:00,BTC/USDT,1h,100.58918416,102.23513968,100.43043768,101.93075536,1379.36200814
2024-01-25T12:00:00+00:00,BTC/USDT,1h,101.93075536,102.70433063,101.81597910,102.07793834,1161.77094166
2024-01-25T13:00:00+00:00,BTC/USDT,1h,102.07793834,102.21600048,101.42299583,101.56401916,1132.44130512
2024-01-25T14:00:00+00:00,BTC/USDT,1h,101.56401916,101.74934752,101.27573148,101.34342984,1212.78212922
2024-01-25T15:00:00+00:00,BTC/USDT,1h,101.34342984,101.91251737,101.31808858,101.63154039,1144.96507931
2024-01-25T16:00:00+00:00,BTC/USDT,1h,101.63154039,103.12436137,101.61487440,102.79095443,1419.07439910
2024-01-25T17:00:00+00:00,BTC/USDT,1h,102.79095443,102.79732011,102.42165653,102.43655032,1209.23354957
2024-01-25T18:00:00+00:00,BTC/USDT,1h,102.43655032,102.47932862,102.09418644,102.26712185,1157.83255942
2024-01-25T19:00:00+00:00,BTC/USDT,1h,102.26712185,102.31753391,101.11548258,101.36822817,1249.02088853
2024-01-25T20:00:00+00:00,BTC/USDT,1h,101.36822817,101.83076962,101.27735609,101.55653110,1048.29347534
2024-01-25T21:00:00+00:00,BTC/USDT,1h,101.55653110,102.71061458,101.53927485,102.59137768,1339.55402421
2024-01-25T22:00:00+00:00,BTC/USDT,1h,102.59137768,103.62563725,102.28804106,103.54987783,1319.81522043
2024-01-25T23:00:00+00:00,BTC/USDT,1h,103.54987783,103.61737289,102.38734248,102.40706349,1306.92615927
2024-01-26T00:00:00+00:00,BTC/USDT,1h,102.40706349,102.67704749,101.25862394,101.36560636,1363.15032292
2024-01-26T01:00:00+00:00,BTC/USDT,1h,101.36560636,101.47521379,100.90592266,101.00732305,1145.83289453
2024-01-26T02:00:00+00:00,BTC/USDT,1h,101.00732305,101.56453475,100.99524289,101.36771796,1129.88777244
2024-01-26T03:00:00+00:00,BTC/USDT,1h,101.36771796,101.46994877,101.12104459,101.23080147,1074.63074770
2024-01-26T04:00:00+00:00,BTC/USDT,1h,101.23080147,101.40934500,100.46470288,100.62219907,1240.49296017
2024-01-26T05:00:00+00:00,BTC/USDT,1h,100.62219907,101.19295794,100.45902045,101.15743750,1229.08193884
2024-01-26T06:00:00+00:00,BTC/USDT,1h,101.15743750,101.29134779,100.04895341,100.13330174,1243.16376645
2024-01-26T07:00:00+00:00,BTC/USDT,1h,100.13330174,100.42685864,99.79947679,99.91812236,1186.35563190
2024-01-26T08:00:00+00:00,BTC/USDT,1h,99.91812236,100.25062439,99.53544277,99.57689770,1102.34800675
2024-01-26T09:00:00+00:00,BTC/USDT,1h,99.57689770,99.61057798,99.34376018,99.42375596,1149.95191562
2024-01-26T10:00:00+00:00,BTC/USDT,1h,99.42375596,100.76192714,99.31599016,100.59718122,1351.88653327
2024-01-26T11:00:00+00:00,BTC/USDT,1h,100.59718122,100.95345480,100.43928559,100.76749400,1098.76055612
2024-01-26T12:00:00+00:00,BTC/USDT,1h,100.76749400,101.64966847,100.75375665,101.50320468,1316.84537101
2024-01-26T13:00:00+00:00,BTC/USDT,1h,101.50320468,101.63144506,101.16884114,101.28028457,1114.03149730
2024-01-26T14:00:00+00:00,BTC/USDT,1h,101.28028457,101.65363615,101.20837146,101.60811410,1110.46289695
2024-01-26T15:00:00+00:00,BTC/USDT,1h,101.60811410,101.67956543,100.71464816,100.87372873,1162.42410439
2024-01-26T16:00:00+00:00,BTC/USDT,1h,100.87372873,101.70712231,100.87229646,101.32408598,1252.28749950
2024-01-26T17:00:00+00:00,BTC/USDT,1h,101.32408598,101.61139533,101.03703853,101.14431713,1147.67059846
2024-01-26T18:00:00+00:00,BTC/USDT,1h,101.14431713,101.72607630,101.03746368,101.64498289,1101.21429491
2024-01-26T19:00:00+00:00,BTC/USDT,1h,101.64498289,101.93919436,99.89912972,100.01452807,1485.61518503
2024-01-26T20:00:00+00:00,BTC/USDT,1h,100.01452807,100.52581472,99.83682485,100.22851911,1204.89235017
2024-01-26T21:00:00+00:00,BTC/USDT,1h,100.22851911,100.84198019,100.19194712,100.69536831,1099.01096167
2024-01-26T22:00:00+00:00,BTC/USDT,1h,100.69536831,100.76301986,99.36956847,99.50293020,1355.42679807
2024-01-26T23:00:00+00:00,BTC/USDT,1h,99.50293020,99.58287958,99.11643802,99.34248560,1155.37441224
2024-01-27T00:00:00+00:00,BTC/USDT,1h,99.34248560,99.49563995,97.71972851,98.03002874,1440.23818331
2024-01-27T01:00:00+00:00,BTC/USDT,1h,98.03002874,98.22116434,97.74950882,97.99950245,1195.22052829
2024-01-27T02:00:00+00:00,BTC/USDT,1h,97.99950245,98.38360495,97.15687211,97.30112659,1316.66055797
2024-01-27T03:00:00+00:00,BTC/USDT,1h,97.30112659,97.39192666,96.74426911,96.81917583,1263.59142068
2024-01-27T04:00:00+00:00,BTC/USDT,1h,96.81917583,98.33357326,96.75745902,98.05396407,1343.54524998
2024-01-27T05:00:00+00:00,BTC/USDT,1h,98.05396407,98.07789565,97.02109532,97.05663297,1385.59911398
2024-01-27T06:00:00+00:00,BTC/USDT,1h,97.05663297,97.22557112,96.55878478,96.62676588,1096.56251259
2024-01-27T07:00:00+00:00,BTC/USDT,1h,96.62676588,96.79711215,95.67184723,95.76077887,1351.46991566
2024-01-27T08:00:00+00:00,BTC/USDT,1h,95.76077887,96.81311498,95.64806222,96.64822912,1297.91965228
2024-01-27T09:00:00+00:00,BTC/USDT,1h,96.64822912,97.67494094,96.62943102,97.57634659,1306.28284030
2024-01-27T10:00:00+00:00,BTC/USDT,1h,97.57634659,99.05782836,97.56653407,98.95427185,1442.21293459
2024-01-27T11:00:00+00:00,BTC/USDT,1h,98.95427185,99.00806924,98.05861731,98.26439674,1183.23815223
2024-01-27T12:00:00+00:00,BTC/USDT,1h,98.26439674,98.80720971,98.17216225,98.65511940,1163.30336032
2024-01-27T13:00:00+00:00,BTC/USDT,1h,98.65511940,98.78733841,98.19032745,98.23627830,1167.40479048
2024-01-27T14:00:00+00:00,BTC/USDT,1h,98.23627830,98.32690354,97.49266924,97.70039016,1224.41713260
2024-01-27T15:00:00+00:00,BTC/USDT,1h,97.70039016,98.35101477,97.59236330,97.97022909,1104.18145164
2024-01-27T16:00:00+00:00,BTC/USDT,1h,97.97022909,98.25378480,96.68157439,96.85132677,1301.25583546
2024-01-27T17:00:00+00:00,BTC/USDT,1h,96.85132677,96.92585999,96.28249685,96.66483607,1218.13104693
2024-01-27T18:00:00+00:00,BTC/USDT,1h,96.66483607,98.15173673,96.63984998,97.64498970,1398.93403246
2024-01-27T19:00:00+00:00,BTC/USDT,1h,97.64498970,97.70790310,96.83659131,96.96700110,1319.96816603
2024-01-27T20:00:00+00:00,BTC/USDT,1h,96.96700110,98.01076206,96.81342632,97.78822414,1261.84171051
2024-01-27T21:00:00+00:00,BTC/USDT,1h,97.78822414,98.21272871,97.71022215,98.12083311,1265.40958050
2024-01-27T22:00:00+00:00,BTC/USDT,1h,98.12083311,98.93314256,97.96511952,98.49796743,1104.46388968
2024-01-27T23:00:00+00:00,BTC/USDT,1h,98.49796743,99.84496928,98.45397010,99.63132960,1264.49893172
2024-01-28T00:00:00+00:00,BTC/USDT,1h,99.63132960,99.75631111,97.92790138,98.02730000,1419.15542208
2024-01-28T01:00:00+00:00,BTC/USDT,1h,98.02730000,98.14379975,96.76515682,96.93567234,1258.52530886
2024-01-28T02:00:00+00:00,BTC/USDT,1h,96.93567234,98.18736448,96.74497708,97.71391341,1283.75980382
2024-01-28T03:00:00+00:00,BTC/USDT,1h,97.71391341,97.72922290,96.94914596,97.10383040,1239.44362324
2024-01-28T04:00:00+00:00,BTC/USDT,1h,97.10383040,98.13676289,96.78321009,98.08315591,1272.27599331
2024-01-28T05:00:00+00:00,BTC/USDT,1h,98.08315591,98.37799327,97.20044657,97.55370992,1277.23727163
2024-01-28T06:00:00+00:00,BTC/USDT,1h,97.55370992,97.82146327,97.01256700,97.59045345,1010.83126537
2024-01-28T07:00:00+00:00,BTC/USDT,1h,97.59045345,99.17125759,97.47827111,99.05993044,1405.81070350
2024-01-28T08:00:00+00:00,BTC/USDT,1h,99.05993044,99.19316749,98.23774369,98.41362540,1150.25000077
2024-01-28T09:00:00+00:00,BTC/USDT,1h,98.41362540,98.58769830,97.57460469,97.85074619,1203.58716457
2024-01-28T10:00:00+00:00,BTC/USDT,1h,97.85074619,98.67356701,97.70426035,98.49356694,1285.84722517
2024-01-28T11:00:00+00:00,BTC/USDT,1h,98.49356694,99.89224698,98.26232346,99.59853938,1347.61427326
2024-01-28T12:00:00+00:00,BTC/USDT,1h,99.59853938,99.82051508,98.68059285,98.99977992,1137.27924648
2024-01-28T13:00:00+00:00,BTC/USDT,1h,98.99977992,99.37370603,98.82371973,99.07700943,1131.87183911
2024-01-28T14:00:00+00:00,BTC/USDT,1h,99.07700943,99.09001865,98.66778442,98.84979158,1089.02031631
2024-01-28T15:00:00+00:00,BTC/USDT,1h,98.84979158,100.27076025,98.84596213,100.13657958,1347.50536931
2024-01-28T16:00:00+00:00,BTC/USDT,1h,100.13657958,100.16686126,99.46015584,99.49747052,1268.67120069
2024-01-28T17:00:00+00:00,BTC/USDT,1h,99.49747052,99.75396742,99.22163493,99.44300553,1048.67056726
2024-01-28T18:00:00+00:00,BTC/USDT,1h,99.44300553,99.57674939,97.33382274,97.40756814,1434.83951903
2024-01-28T19:00:00+00:00,BTC/USDT,1h,97.40756814,98.09982354,97.29718162,98.03230684,1198.10029431
2024-01-28T20:00:00+00:00,BTC/USDT,1h,98.03230684,98.18838552,97.18716965,97.22497392,1251.39466975
2024-01-28T21:00:00+00:00,BTC/USDT,1h,97.22497392,97.40739347,96.50833139,96.57917797,1216.52748106
2024-01-28T22:00:00+00:00,BTC/USDT,1h,96.57917797,96.68345138,95.83428205,95.89240568,1195.92060361
2024-01-28T23:00:00+00:00,BTC/USDT,1h,95.89240568,96.37472127,95.85762269,96.25116250,1224.67580359
2024-01-29T00:00:00+00:00,BTC/USDT,1h,96.25116250,97.00174312,96.16475311,96.49838842,1121.52380158
2024-01-29T01:00:00+00:00,BTC/USDT,1h,96.49838842,96.93150943,96.42925253,96.91637516,1284.17343613
2024-01-29T02:00:00+00:00,BTC/USDT,1h,96.91637516,97.50533211,96.86735525,97.20090777,1060.42943414
2024-01-29T03:00:00+00:00,BTC/USDT,1h,97.20090777,97.38866420,96.73241008,96.96349315,1217.71373046
2024-01-29T04:00:00+00:00,BTC/USDT,1h,96.96349315,97.46955476,96.75569075,97.45106246,1130.36617185
2024-01-29T05:00:00+00:00,BTC/USDT,1h,97.45106246,97.63585814,97.00474718,97.18681209,1188.74486982
2024-01-29T06:00:00+00:00,BTC/USDT,1h,97.18681209,97.28222556,96.21093414,96.46408650,1226.15941084
2024-01-29T07:00:00+00:00,BTC/USDT,1h,96.46408650,96.65250114,95.40350130,95.64240869,1179.32295327
2024-01-29T08:00:00+00:00,BTC/USDT,1h,95.64240869,95.68663313,95.07892262,95.22828163,1255.44298402
2024-01-29T09:00:00+00:00,BTC/USDT,1h,95.22828163,95.26772576,94.73054509,94.81806105,1242.58543591
2024-01-29T10:00:00+00:00,BTC/USDT,1h,94.81806105,94.93865674,93.98246139,94.48536713,1231.03559841
2024-01-29T11:00:00+00:00,BTC/USDT,1h,94.48536713,95.58799278,94.31999431,95.47639696,1222.24133820
2024-01-29T12:00:00+00:00,BTC/USDT,1h,95.47639696,95.75770412,95.17052718,95.75755038,1135.08327089
2024-01-29T13:00:00+00:00,BTC/USDT,1h,95.75755038,95.86704751,95.10638103,95.31633179,1109.52077217
2024-01-29T14:00:00+00:00,BTC/USDT,1h,95.31633179,95.52559030,94.90949433,94.98321765,1095.36913046
2024-01-29T15:00:00+00:00,BTC/USDT,1h,94.98321765,95.87803291,94.73003481,95.62860874,1276.55736099
2024-01-29T16:00:00+00:00,BTC/USDT,1h,95.62860874,95.78576986,95.38266170,95.46014276,1090.86079164
2024-01-29T17:00:00+00:00,BTC/USDT,1h,95.46014276,95.60028330,95.07205908,95.33410393,1155.88160393
2024-01-29T18:00:00+00:00,BTC/USDT,1h,95.33410393,95.84964037,95.16235602,95.70211961,1186.08383130
2024-01-29T19:00:00+00:00,BTC/USDT,1h,95.70211961,96.95941628,95.37730475,96.63876779,1239.21398734
2024-01-29T20:00:00+00:00,BTC/USDT,1h,96.63876779,98.23899715,96.48638277,98.18537989,1476.83183769
2024-01-29T21:00:00+00:00,BTC/USDT,1h,98.18537989,98.60313820,98.03340363,98.41592950,1118.11098929
2024-01-29T22:00:00+00:00,BTC/USDT,1h,98.41592950,98.62315846,98.11592146,98.25870408,1125.41575133
2024-01-29T23:00:00+00:00,BTC/USDT,1h,98.25870408,98.79651126,98.16934875,98.59123652,1130.86883864
2024-01-30T00:00:00+00:00,BTC/USDT,1h,98.59123652,98.82958916,98.53596004,98.76570322,1116.91543975
2024-01-30T01:00:00+00:00,BTC/USDT,1h,98.76570322,99.02862304,98.24350333,98.26722611,1249.23531586
2024-01-30T02:00:00+00:00,BTC/USDT,1h,98.26722611,98.27593756,97.40000297,97.66729506,1217.00850501
2024-01-30T03:00:00+00:00,BTC/USDT,1h,97.66729506,97.98209712,96.80423456,96.97255930,1215.88690270
